{
  "soh_window": [
    0.8,
    1.0
  ],
  "cycles_per_cell_cap": 30,
  "shifts_v": [
    -0.2,
    -0.1,
    0.0,
    0.1,
    0.2
  ],
  "results": {
    "shape": {
      "-0.2": 0.9992592592592592,
      "-0.1": 0.9992592592592592,
      "+0.0": 0.9992592592592592,
      "+0.1": 0.9992592592592592,
      "+0.2": 0.9992592592592592
    },
    "absolute_voltage": {
      "-0.2": 0.8709259259259259,
      "-0.1": 0.9975925925925925,
      "+0.0": 0.9992592592592592,
      "+0.1": 0.9992592592592592,
      "+0.2": 0.9992592592592592
    }
  }
}